<?xml version = '1.0' encoding = 'UTF-8'?>
<Entity class="oracle.dbtools.crest.model.design.logical.Entity" directorySegmentName="seg_0" id="572BA7FD-3A53-177B-5E70-1689D0B6DB85" name="ARTWORK">
<createdBy>ariehendrikse</createdBy>
<createdTime>2020-05-12 03:51:21 UTC</createdTime>
<ownerDesignName>mau</ownerDesignName>
<engineerTo>
<item key="47E0439D-791F-ABA7-DD04-7E44F5999DB4" value="true"/>
</engineerTo>
<adequatelyNormalized>NO</adequatelyNormalized>
<expectedVolumes>0</expectedVolumes>
<fwdEngineeringStrategyName>Single Table</fwdEngineeringStrategyName>
<growthPercent>0</growthPercent>
<growthType>Year</growthType>
<maxVolumes>9999999</maxVolumes>
<minVolumes>0</minVolumes>
<normalForm>Third</normalForm>
<attributes itemClass="oracle.dbtools.crest.model.design.logical.Attribute">
<Attribute name="art_id" id="6EDE8718-708E-21C4-1460-D6BC5EF0A933">
<createdBy>ariehendrikse</createdBy>
<createdTime>2020-05-12 03:51:31 UTC</createdTime>
<commentInRDBMS><![CDATA[artowrk id]]></commentInRDBMS>
<ownerDesignName>mau</ownerDesignName>
<engineerTo>
<item key="47E0439D-791F-ABA7-DD04-7E44F5999DB4" value="true"/>
</engineerTo>
<constraintName>chk_art_id_pos</constraintName>
<useDomainConstraints>false</useDomainConstraints>
<use>1</use>
<logicalDatatype>LOGDT019</logicalDatatype>
<dataTypePrecision>4</dataTypePrecision>
<checkConstraint>
<implementationDef dbType="Oracle Database 11g" definition="art_id&gt;0"/>
</checkConstraint>
<ownDataTypeParameters>,4,</ownDataTypeParameters>
</Attribute>
<Attribute name="artist_code" id="5ADE3D76-BD5B-5479-8660-65185C69AAEE">
<createdBy>ariehendrikse</createdBy>
<createdTime>2020-05-12 03:55:05 UTC</createdTime>
<commentInRDBMS><![CDATA[artist code]]></commentInRDBMS>
<generatorID>5032EBFA-E5C3-B496-A1F3-E57D41A3DE2D</generatorID>
<ownerDesignName>mau</ownerDesignName>
<engineerTo>
<item key="47E0439D-791F-ABA7-DD04-7E44F5999DB4" value="true"/>
</engineerTo>
<referedAttribute>136F8281-7F3F-7A26-952D-15CCFE206368</referedAttribute>
<useDomainConstraints>false</useDomainConstraints>
<use>1</use>
<logicalDatatype>LOGDT019</logicalDatatype>
<dataTypePrecision>4</dataTypePrecision>
<ownDataTypeParameters>,,</ownDataTypeParameters>
</Attribute>
<Attribute name="art_title" id="D9B3C653-6C4C-21C8-DA21-E11694652CE7">
<createdBy>ariehendrikse</createdBy>
<createdTime>2020-05-12 08:23:29 UTC</createdTime>
<commentInRDBMS><![CDATA[title of the artwork ]]></commentInRDBMS>
<ownerDesignName>mau</ownerDesignName>
<engineerTo>
<item key="47E0439D-791F-ABA7-DD04-7E44F5999DB4" value="true"/>
</engineerTo>
<useDomainConstraints>false</useDomainConstraints>
<use>1</use>
<logicalDatatype>LOGDT024</logicalDatatype>
<dataTypeSize>50 CHAR</dataTypeSize>
<ownDataTypeParameters>50 CHAR,,</ownDataTypeParameters>
</Attribute>
<Attribute name="art_min_price" id="2462BB33-9E7C-C632-B14C-75E79B98EEF3">
<createdBy>ariehendrikse</createdBy>
<createdTime>2020-05-12 08:23:46 UTC</createdTime>
<commentInRDBMS><![CDATA[minimum sale price of the artwork]]></commentInRDBMS>
<ownerDesignName>mau</ownerDesignName>
<engineerTo>
<item key="47E0439D-791F-ABA7-DD04-7E44F5999DB4" value="true"/>
</engineerTo>
<constraintName>chk_min_pos</constraintName>
<useDomainConstraints>false</useDomainConstraints>
<use>1</use>
<logicalDatatype>LOGDT019</logicalDatatype>
<dataTypePrecision>8</dataTypePrecision>
<dataTypeScale>2</dataTypeScale>
<checkConstraint>
<implementationDef dbType="Oracle Database 11g" definition="art_min_price&gt;0"/>
</checkConstraint>
<ownDataTypeParameters>,8,2</ownDataTypeParameters>
</Attribute>
<Attribute name="art_media_desc" id="837A5038-B1AB-AAD3-6B59-42BB2AF115A0">
<createdBy>ariehendrikse</createdBy>
<createdTime>2020-05-12 08:24:20 UTC</createdTime>
<commentInRDBMS><![CDATA[media description of the artwork]]></commentInRDBMS>
<ownerDesignName>mau</ownerDesignName>
<engineerTo>
<item key="47E0439D-791F-ABA7-DD04-7E44F5999DB4" value="true"/>
</engineerTo>
<nullsAllowed>true</nullsAllowed>
<useDomainConstraints>false</useDomainConstraints>
<use>1</use>
<logicalDatatype>LOGDT024</logicalDatatype>
<dataTypeSize>500 CHAR</dataTypeSize>
<ownDataTypeParameters>500 CHAR,,</ownDataTypeParameters>
</Attribute>
<Attribute name="style_name" id="F48DC038-219B-980B-E0A5-4C0D8EA3C1AD">
<createdBy>ariehendrikse</createdBy>
<createdTime>2020-05-12 08:39:38 UTC</createdTime>
<commentInRDBMS><![CDATA[name of the style]]></commentInRDBMS>
<generatorID>BCB74341-CF51-0987-E668-0E54EE36301E</generatorID>
<ownerDesignName>mau</ownerDesignName>
<engineerTo>
<item key="47E0439D-791F-ABA7-DD04-7E44F5999DB4" value="true"/>
</engineerTo>
<referedAttribute>B90BBE35-2CC6-4305-CF2B-E1D29842DD3C</referedAttribute>
<useDomainConstraints>false</useDomainConstraints>
<use>1</use>
<logicalDatatype>LOGDT024</logicalDatatype>
<dataTypeSize>50 CHAR</dataTypeSize>
<ownDataTypeParameters>,,</ownDataTypeParameters>
</Attribute>
<Attribute name="art_date_added" id="C06F564C-4FCA-238C-D45B-94608FBAF157">
<createdBy>ariehendrikse</createdBy>
<createdTime>2020-05-12 10:48:31 UTC</createdTime>
<commentInRDBMS><![CDATA[Date the artwork was added to the mau]]></commentInRDBMS>
<ownerDesignName>mau</ownerDesignName>
<engineerTo>
<item key="47E0439D-791F-ABA7-DD04-7E44F5999DB4" value="true"/>
</engineerTo>
<useDomainConstraints>false</useDomainConstraints>
<use>1</use>
<logicalDatatype>LOGDT007</logicalDatatype>
<ownDataTypeParameters>,,</ownDataTypeParameters>
</Attribute>
</attributes>
<identifiers itemClass="oracle.dbtools.crest.model.design.logical.CandidateKey">
<identifier id="E8CE1BC7-688A-1D79-8F69-BA930DC99B75" name="ARTWORK PK">
<createdBy>ariehendrikse</createdBy>
<createdTime>2020-05-12 03:51:40 UTC</createdTime>
<ownerDesignName>mau</ownerDesignName>
<shouldEngineer>false</shouldEngineer>
<engineerTo>
<item key="47E0439D-791F-ABA7-DD04-7E44F5999DB4" value="false"/>
</engineerTo>
<pk>true</pk>
<usedAttributes>
<attributeRef>6EDE8718-708E-21C4-1460-D6BC5EF0A933</attributeRef>
<attributeRef>5ADE3D76-BD5B-5479-8660-65185C69AAEE</attributeRef>
</usedAttributes>
</identifier>
</identifiers>
</Entity>
