<?xml version = '1.0' encoding = 'UTF-8'?>
<Entity class="oracle.dbtools.crest.model.design.logical.Entity" directorySegmentName="seg_0" id="C330B37C-CE0F-0D60-37D9-4D6F19999A1E" name="MOVEMENT">
<createdBy>ariehendrikse</createdBy>
<createdTime>2020-05-12 10:17:49 UTC</createdTime>
<ownerDesignName>mau</ownerDesignName>
<engineerTo>
<item key="47E0439D-791F-ABA7-DD04-7E44F5999DB4" value="true"/>
</engineerTo>
<adequatelyNormalized>NO</adequatelyNormalized>
<expectedVolumes>0</expectedVolumes>
<fwdEngineeringStrategyName>Single Table</fwdEngineeringStrategyName>
<growthPercent>0</growthPercent>
<growthType>Year</growthType>
<maxVolumes>9999999</maxVolumes>
<minVolumes>0</minVolumes>
<normalForm>Third</normalForm>
<attributes itemClass="oracle.dbtools.crest.model.design.logical.Attribute">
<Attribute name="move_date" id="3DAF7E4B-E729-1E9F-D95C-A044DDD251DE">
<createdBy>ariehendrikse</createdBy>
<createdTime>2020-05-12 10:18:00 UTC</createdTime>
<commentInRDBMS><![CDATA[movement date ]]></commentInRDBMS>
<ownerDesignName>mau</ownerDesignName>
<engineerTo>
<item key="47E0439D-791F-ABA7-DD04-7E44F5999DB4" value="true"/>
</engineerTo>
<useDomainConstraints>false</useDomainConstraints>
<use>1</use>
<logicalDatatype>LOGDT007</logicalDatatype>
<ownDataTypeParameters>,,</ownDataTypeParameters>
</Attribute>
<Attribute name="art_status" id="047C22CA-E99B-0244-E296-67B525E993E5">
<createdBy>ariehendrikse</createdBy>
<createdTime>2020-05-12 10:24:21 UTC</createdTime>
<commentInRDBMS><![CDATA[The status of the item]]></commentInRDBMS>
<ownerDesignName>mau</ownerDesignName>
<engineerTo>
<item key="47E0439D-791F-ABA7-DD04-7E44F5999DB4" value="true"/>
</engineerTo>
<useDomainConstraints>false</useDomainConstraints>
<use>1</use>
<logicalDatatype>LOGDT024</logicalDatatype>
<dataTypeSize>280 CHAR</dataTypeSize>
<ownDataTypeParameters>280 CHAR,,</ownDataTypeParameters>
</Attribute>
<Attribute name="art_id" id="5E668F51-3D58-89D9-D6D0-9D489F31F97A">
<createdBy>ariehendrikse</createdBy>
<createdTime>2020-05-12 10:25:38 UTC</createdTime>
<commentInRDBMS><![CDATA[artowrk id]]></commentInRDBMS>
<generatorID>AAB0ED9E-7844-2838-6D18-80AAAD9538AF</generatorID>
<ownerDesignName>mau</ownerDesignName>
<engineerTo>
<item key="47E0439D-791F-ABA7-DD04-7E44F5999DB4" value="true"/>
</engineerTo>
<referedAttribute>6EDE8718-708E-21C4-1460-D6BC5EF0A933</referedAttribute>
<useDomainConstraints>false</useDomainConstraints>
<use>1</use>
<logicalDatatype>LOGDT019</logicalDatatype>
<dataTypePrecision>4</dataTypePrecision>
<ownDataTypeParameters>,,</ownDataTypeParameters>
</Attribute>
<Attribute name="artist_code" id="A554CAF1-5981-672B-A45B-79B935C90EED">
<createdBy>ariehendrikse</createdBy>
<createdTime>2020-05-12 10:25:38 UTC</createdTime>
<commentInRDBMS><![CDATA[artist code]]></commentInRDBMS>
<generatorID>AAB0ED9E-7844-2838-6D18-80AAAD9538AF</generatorID>
<ownerDesignName>mau</ownerDesignName>
<engineerTo>
<item key="47E0439D-791F-ABA7-DD04-7E44F5999DB4" value="true"/>
</engineerTo>
<referedAttribute>5ADE3D76-BD5B-5479-8660-65185C69AAEE</referedAttribute>
<useDomainConstraints>false</useDomainConstraints>
<use>1</use>
<logicalDatatype>LOGDT019</logicalDatatype>
<dataTypePrecision>4</dataTypePrecision>
<ownDataTypeParameters>,,</ownDataTypeParameters>
</Attribute>
<Attribute name="gal_id" id="6B689D44-7D6F-45CE-B285-02B6057BDE37">
<createdBy>ariehendrikse</createdBy>
<createdTime>2020-05-12 10:35:36 UTC</createdTime>
<commentInRDBMS><![CDATA[gallery id]]></commentInRDBMS>
<generatorID>326590A4-2432-CF63-DA46-E55DBAC3B845</generatorID>
<ownerDesignName>mau</ownerDesignName>
<engineerTo>
<item key="47E0439D-791F-ABA7-DD04-7E44F5999DB4" value="true"/>
</engineerTo>
<nullsAllowed>true</nullsAllowed>
<referedAttribute>6BA756E5-9428-4CA4-29C7-42B89FC62192</referedAttribute>
<useDomainConstraints>false</useDomainConstraints>
<use>1</use>
<logicalDatatype>LOGDT019</logicalDatatype>
<dataTypePrecision>4</dataTypePrecision>
<ownDataTypeParameters>,,</ownDataTypeParameters>
</Attribute>
</attributes>
<identifiers itemClass="oracle.dbtools.crest.model.design.logical.CandidateKey">
<identifier id="3A1D422A-5115-DF74-9AB0-5D99EC6AF8CE" name="MOVEMENT PK">
<createdBy>ariehendrikse</createdBy>
<createdTime>2020-05-12 10:22:17 UTC</createdTime>
<ownerDesignName>mau</ownerDesignName>
<shouldEngineer>false</shouldEngineer>
<engineerTo>
<item key="47E0439D-791F-ABA7-DD04-7E44F5999DB4" value="false"/>
</engineerTo>
<pk>true</pk>
<usedAttributes>
<attributeRef>3DAF7E4B-E729-1E9F-D95C-A044DDD251DE</attributeRef>
<attributeRef>5E668F51-3D58-89D9-D6D0-9D489F31F97A</attributeRef>
<attributeRef>A554CAF1-5981-672B-A45B-79B935C90EED</attributeRef>
</usedAttributes>
</identifier>
</identifiers>
</Entity>
