<?xml version = '1.0' encoding = 'UTF-8'?>
<Entity class="oracle.dbtools.crest.model.design.logical.Entity" directorySegmentName="seg_0" id="C3BB8214-841A-790C-D4B1-8595ED9C7C65" name="GALLERY">
<createdBy>ariehendrikse</createdBy>
<createdTime>2020-05-12 04:02:49 UTC</createdTime>
<ownerDesignName>mau</ownerDesignName>
<engineerTo>
<item key="47E0439D-791F-ABA7-DD04-7E44F5999DB4" value="true"/>
</engineerTo>
<adequatelyNormalized>NO</adequatelyNormalized>
<expectedVolumes>0</expectedVolumes>
<fwdEngineeringStrategyName>Single Table</fwdEngineeringStrategyName>
<growthPercent>0</growthPercent>
<growthType>Year</growthType>
<maxVolumes>9999999</maxVolumes>
<minVolumes>0</minVolumes>
<normalForm>Third</normalForm>
<attributes itemClass="oracle.dbtools.crest.model.design.logical.Attribute">
<Attribute name="gal_id" id="6BA756E5-9428-4CA4-29C7-42B89FC62192">
<createdBy>ariehendrikse</createdBy>
<createdTime>2020-05-12 04:02:54 UTC</createdTime>
<commentInRDBMS><![CDATA[gallery id]]></commentInRDBMS>
<ownerDesignName>mau</ownerDesignName>
<engineerTo>
<item key="47E0439D-791F-ABA7-DD04-7E44F5999DB4" value="true"/>
</engineerTo>
<constraintName>chk_gal_id_pos</constraintName>
<useDomainConstraints>false</useDomainConstraints>
<use>1</use>
<logicalDatatype>LOGDT019</logicalDatatype>
<dataTypePrecision>4</dataTypePrecision>
<checkConstraint>
<implementationDef dbType="Oracle Database 11g" definition="gal_id&gt;0"/>
</checkConstraint>
<ownDataTypeParameters>,4,</ownDataTypeParameters>
</Attribute>
<Attribute name="gal_name" id="DC4FDB2C-9290-2A3F-AD5D-2AA230D965E3">
<createdBy>ariehendrikse</createdBy>
<createdTime>2020-05-12 04:04:07 UTC</createdTime>
<ownerDesignName>mau</ownerDesignName>
<engineerTo>
<item key="47E0439D-791F-ABA7-DD04-7E44F5999DB4" value="true"/>
</engineerTo>
<useDomainConstraints>false</useDomainConstraints>
<use>1</use>
<logicalDatatype>LOGDT024</logicalDatatype>
<dataTypeSize>50 CHAR</dataTypeSize>
<ownDataTypeParameters>50 CHAR,,</ownDataTypeParameters>
</Attribute>
<Attribute name="gal_manager" id="3B5D888A-9619-D80A-1342-177E861D53C5">
<createdBy>ariehendrikse</createdBy>
<createdTime>2020-05-12 04:04:22 UTC</createdTime>
<commentInRDBMS><![CDATA[gal_opens]]></commentInRDBMS>
<ownerDesignName>mau</ownerDesignName>
<engineerTo>
<item key="47E0439D-791F-ABA7-DD04-7E44F5999DB4" value="true"/>
</engineerTo>
<useDomainConstraints>false</useDomainConstraints>
<use>1</use>
<logicalDatatype>LOGDT024</logicalDatatype>
<dataTypeSize>50 CHAR</dataTypeSize>
<ownDataTypeParameters>50 CHAR,,</ownDataTypeParameters>
</Attribute>
<Attribute name="gal_state" id="6D36C9D9-6C0B-26F0-1EDE-7441ABCD2676">
<createdBy>ariehendrikse</createdBy>
<createdTime>2020-05-12 08:27:50 UTC</createdTime>
<commentInRDBMS><![CDATA[state the gallery is located in]]></commentInRDBMS>
<ownerDesignName>mau</ownerDesignName>
<engineerTo>
<item key="47E0439D-791F-ABA7-DD04-7E44F5999DB4" value="true"/>
</engineerTo>
<useDomainConstraints>false</useDomainConstraints>
<use>1</use>
<logicalDatatype>LOGDT024</logicalDatatype>
<dataTypeSize>3 CHAR</dataTypeSize>
<ownDataTypeParameters>3 CHAR,,</ownDataTypeParameters>
</Attribute>
<Attribute name="gal_town" id="0C24FA0C-33CA-656D-6DC2-3895903981E8">
<createdBy>ariehendrikse</createdBy>
<createdTime>2020-05-12 08:27:57 UTC</createdTime>
<commentInRDBMS><![CDATA[town the gallery is located in]]></commentInRDBMS>
<ownerDesignName>mau</ownerDesignName>
<engineerTo>
<item key="47E0439D-791F-ABA7-DD04-7E44F5999DB4" value="true"/>
</engineerTo>
<useDomainConstraints>false</useDomainConstraints>
<use>1</use>
<logicalDatatype>LOGDT024</logicalDatatype>
<dataTypeSize>50 CHAR</dataTypeSize>
<ownDataTypeParameters>50 CHAR,,</ownDataTypeParameters>
</Attribute>
<Attribute name="gal_street" id="122D8722-BC94-3267-1E44-66D374626CE6">
<createdBy>ariehendrikse</createdBy>
<createdTime>2020-05-12 08:28:03 UTC</createdTime>
<commentInRDBMS><![CDATA[street address the gallery is located on]]></commentInRDBMS>
<ownerDesignName>mau</ownerDesignName>
<engineerTo>
<item key="47E0439D-791F-ABA7-DD04-7E44F5999DB4" value="true"/>
</engineerTo>
<useDomainConstraints>false</useDomainConstraints>
<use>1</use>
<logicalDatatype>LOGDT024</logicalDatatype>
<dataTypeSize>50 CHAR</dataTypeSize>
<ownDataTypeParameters>50 CHAR,,</ownDataTypeParameters>
</Attribute>
<Attribute name="gal_commision" id="E210C639-0295-84DB-4BB6-9747ABC55D48">
<createdBy>ariehendrikse</createdBy>
<createdTime>2020-05-12 08:29:15 UTC</createdTime>
<commentInRDBMS><![CDATA[percentage of commision the gallery takes]]></commentInRDBMS>
<ownerDesignName>mau</ownerDesignName>
<engineerTo>
<item key="47E0439D-791F-ABA7-DD04-7E44F5999DB4" value="true"/>
</engineerTo>
<useDomainConstraints>false</useDomainConstraints>
<use>1</use>
<logicalDatatype>LOGDT019</logicalDatatype>
<dataTypePrecision>3</dataTypePrecision>
<ownDataTypeParameters>,3,</ownDataTypeParameters>
</Attribute>
<Attribute name="gal_phone" id="CE84A5FE-5C4A-7CFD-2E90-237B5A6EA86D">
<createdBy>ariehendrikse</createdBy>
<createdTime>2020-05-12 08:29:40 UTC</createdTime>
<commentInRDBMS><![CDATA[gallery phone number]]></commentInRDBMS>
<ownerDesignName>mau</ownerDesignName>
<engineerTo>
<item key="47E0439D-791F-ABA7-DD04-7E44F5999DB4" value="true"/>
</engineerTo>
<useDomainConstraints>false</useDomainConstraints>
<use>1</use>
<logicalDatatype>LOGDT019</logicalDatatype>
<dataTypePrecision>11</dataTypePrecision>
<ownDataTypeParameters>,11,</ownDataTypeParameters>
</Attribute>
<Attribute name="gal_opens" id="A5B080C5-29D3-4073-737C-8D6CCDFEE96E">
<createdBy>ariehendrikse</createdBy>
<createdTime>2020-05-12 10:22:31 UTC</createdTime>
<commentInRDBMS><![CDATA[time the gallery opens]]></commentInRDBMS>
<ownerDesignName>mau</ownerDesignName>
<engineerTo>
<item key="47E0439D-791F-ABA7-DD04-7E44F5999DB4" value="true"/>
</engineerTo>
<nullsAllowed>true</nullsAllowed>
<useDomainConstraints>false</useDomainConstraints>
<use>1</use>
<logicalDatatype>LOGDT007</logicalDatatype>
<ownDataTypeParameters>,,</ownDataTypeParameters>
</Attribute>
<Attribute name="gal_closes" id="1C2CBAF2-ABF4-DE92-DD80-9A19E8F91C85">
<createdBy>ariehendrikse</createdBy>
<createdTime>2020-05-12 10:23:40 UTC</createdTime>
<commentInRDBMS><![CDATA[time the gallery close ]]></commentInRDBMS>
<ownerDesignName>mau</ownerDesignName>
<engineerTo>
<item key="47E0439D-791F-ABA7-DD04-7E44F5999DB4" value="true"/>
</engineerTo>
<nullsAllowed>true</nullsAllowed>
<useDomainConstraints>false</useDomainConstraints>
<use>1</use>
<logicalDatatype>LOGDT007</logicalDatatype>
<ownDataTypeParameters>,,</ownDataTypeParameters>
</Attribute>
</attributes>
<identifiers itemClass="oracle.dbtools.crest.model.design.logical.CandidateKey">
<identifier id="7645246A-DA59-103E-155C-B04204EEED83" name="GALLERY PK">
<createdBy>ariehendrikse</createdBy>
<createdTime>2020-05-12 04:03:00 UTC</createdTime>
<ownerDesignName>mau</ownerDesignName>
<shouldEngineer>false</shouldEngineer>
<engineerTo>
<item key="47E0439D-791F-ABA7-DD04-7E44F5999DB4" value="false"/>
</engineerTo>
<pk>true</pk>
<usedAttributes>
<attributeRef>6BA756E5-9428-4CA4-29C7-42B89FC62192</attributeRef>
</usedAttributes>
</identifier>
</identifiers>
</Entity>
