<?xml version = '1.0' encoding = 'UTF-8'?>
<Diagram class="oracle.dbtools.crest.swingui.logical.DPVLogical" name="Logical" id="1AC4B755-7222-0147-90A4-209D8EA444A4">
<createdBy>ariehendrikse</createdBy>
<modifiedBy>ariehendrikse</modifiedBy>
<createdTime>2020-05-12 03:27:15 UTC</createdTime>
<autoRoute>false</autoRoute>
<boxInbox>false</boxInbox>
<showLegend>true</showLegend>
<showLabels>true</showLabels>
<showRelAttributes>false</showRelAttributes>
<gridEnabled>false</gridEnabled>
<showGrid>false</showGrid>
<diagramColor>-1</diagramColor>
<display>false</display>
<notation>2</notation>
<showAllDetails>false</showAllDetails>
<showElements>true</showElements>
<objectViews>
<OView class="oracle.dbtools.crest.swingui.logical.TVEntity" oid="019F7D49-AF46-58BF-EDF7-B3320CA952F5" otype="Entity" vid="806784C3-F453-175F-BB66-D23A50127690">
<hideElementsInCurrentOnly>false</hideElementsInCurrentOnly>
<bounds x="11" y="787" width="170" height="110"/>
</OView>
<OView class="oracle.dbtools.crest.swingui.TVLegend" oid="2188D47B-60AD-25C4-6D93-8AB2DE6A0E85" otype="Legend" vid="52DAF5A9-5BEB-EA63-73D6-E7D44B014C2D">
<hideElementsInCurrentOnly>false</hideElementsInCurrentOnly>
<bounds x="10" y="10" width="226" height="128"/>
</OView>
<OView class="oracle.dbtools.crest.swingui.logical.TVEntity" oid="384E8A8B-73AE-74D6-03C7-E30CB46E8F5E" otype="Entity" vid="E5C95524-1B8A-5755-395F-FF8B8FCB14B3">
<hideElementsInCurrentOnly>false</hideElementsInCurrentOnly>
<bounds x="230" y="776" width="170" height="110"/>
</OView>
<OView class="oracle.dbtools.crest.swingui.logical.TVEntity" oid="49A4FF0F-B54D-101F-1119-85BB1BB3D3B6" otype="Entity" vid="0FCCB10D-E33B-976C-B954-4B4C90A6F11D">
<hideElementsInCurrentOnly>false</hideElementsInCurrentOnly>
<bounds x="457" y="793" width="170" height="112"/>
</OView>
<OView class="oracle.dbtools.crest.swingui.logical.TVEntity" oid="4C9FB0F1-D46F-34E1-FF13-4D76AF3AE601" otype="Entity" vid="E5126A54-610E-BBF8-8C24-E4CF9EF6CD12">
<hideElementsInCurrentOnly>false</hideElementsInCurrentOnly>
<bounds x="6" y="523" width="170" height="110"/>
</OView>
<OView class="oracle.dbtools.crest.swingui.logical.TVEntity" oid="572BA7FD-3A53-177B-5E70-1689D0B6DB85" otype="Entity" vid="D3E0ABB7-7801-A1F8-98D1-25E5DEFEBE70">
<hideElementsInCurrentOnly>false</hideElementsInCurrentOnly>
<bounds x="398" y="491" width="233" height="171"/>
</OView>
<OView class="oracle.dbtools.crest.swingui.logical.TVEntity" oid="745CD25A-8C2B-7537-4491-780E6D455B73" otype="Entity" vid="BAB09613-2DD8-E054-04B5-2208F241A5B6">
<hideElementsInCurrentOnly>false</hideElementsInCurrentOnly>
<bounds x="282" y="228" width="228" height="149"/>
</OView>
<OView class="oracle.dbtools.crest.swingui.logical.TVEntity" oid="C330B37C-CE0F-0D60-37D9-4D6F19999A1E" otype="Entity" vid="FB7D1A0E-3F8C-D8E5-0BEC-D3F9D18E89CD">
<hideElementsInCurrentOnly>false</hideElementsInCurrentOnly>
<bounds x="61" y="312" width="170" height="110"/>
</OView>
<OView class="oracle.dbtools.crest.swingui.logical.TVEntity" oid="C3BB8214-841A-790C-D4B1-8595ED9C7C65" otype="Entity" vid="1BB18D72-AE46-3D8D-E9AC-F396A616973B">
<hideElementsInCurrentOnly>false</hideElementsInCurrentOnly>
<bounds x="190" y="519" width="189" height="157"/>
</OView>
</objectViews>
<connectors>
<Connector class="oracle.dbtools.crest.swingui.logical.TVRelation" oid="13FA42CC-8016-19CF-F0B9-B864B99231B6" otype="Relation" vid_source="D3E0ABB7-7801-A1F8-98D1-25E5DEFEBE70" vid_target="E5C95524-1B8A-5755-395F-FF8B8FCB14B3">
<hideElementsInCurrentOnly>false</hideElementsInCurrentOnly>
<backgroundColor>-16777216</backgroundColor>
<lineWidth>1</lineWidth>
<points>
<point x="399" y="662"/>
<point x="399" y="776"/>
</points>
</Connector>
<Connector class="oracle.dbtools.crest.swingui.logical.TVRelation" oid="326590A4-2432-CF63-DA46-E55DBAC3B845" otype="Relation" vid_source="FB7D1A0E-3F8C-D8E5-0BEC-D3F9D18E89CD" vid_target="1BB18D72-AE46-3D8D-E9AC-F396A616973B">
<hideElementsInCurrentOnly>false</hideElementsInCurrentOnly>
<backgroundColor>-16777216</backgroundColor>
<lineWidth>1</lineWidth>
<sourceLabel class="oracle.dbtools.crest.model.design.Label">
<site>0</site>
<labelBounds x="210" y="466" width="87" height="30"/>
<noBackgroundColor>true</noBackgroundColor>
<noForegroundColor>true</noForegroundColor>
</sourceLabel>
<points>
<point x="210" y="422"/>
<point x="210" y="519"/>
</points>
</Connector>
<Connector class="oracle.dbtools.crest.swingui.logical.TVRelation" oid="4CF2746B-8D42-EE7A-4C6C-C0712A37856F" otype="Relation" vid_source="0FCCB10D-E33B-976C-B954-4B4C90A6F11D" vid_target="0FCCB10D-E33B-976C-B954-4B4C90A6F11D">
<hideElementsInCurrentOnly>false</hideElementsInCurrentOnly>
<backgroundColor>-16777216</backgroundColor>
<lineWidth>1</lineWidth>
<sourceLabel class="oracle.dbtools.crest.model.design.Label">
<site>0</site>
<labelBounds x="652" y="843" width="74" height="30"/>
<noBackgroundColor>true</noBackgroundColor>
<noForegroundColor>true</noForegroundColor>
</sourceLabel>
<points>
<point x="627" y="858"/>
<point x="652" y="858"/>
<point x="652" y="930"/>
<point x="557" y="930"/>
<point x="557" y="905"/>
</points>
</Connector>
<Connector class="oracle.dbtools.crest.swingui.logical.TVRelation" oid="5032EBFA-E5C3-B496-A1F3-E57D41A3DE2D" otype="Relation" vid_source="BAB09613-2DD8-E054-04B5-2208F241A5B6" vid_target="D3E0ABB7-7801-A1F8-98D1-25E5DEFEBE70">
<hideElementsInCurrentOnly>false</hideElementsInCurrentOnly>
<backgroundColor>-16777216</backgroundColor>
<lineWidth>1</lineWidth>
<sourceLabel class="oracle.dbtools.crest.model.design.Label">
<site>0</site>
<labelBounds x="454" y="415" width="50" height="32"/>
<noBackgroundColor>true</noBackgroundColor>
<noForegroundColor>true</noForegroundColor>
</sourceLabel>
<points>
<point x="454" y="377"/>
<point x="454" y="491"/>
</points>
</Connector>
<Connector class="oracle.dbtools.crest.swingui.logical.TVRelation" oid="8FE16FC2-E5C2-D00A-762C-9FABF18EA642" otype="Relation" vid_source="E5126A54-610E-BBF8-8C24-E4CF9EF6CD12" vid_target="E5C95524-1B8A-5755-395F-FF8B8FCB14B3">
<hideElementsInCurrentOnly>false</hideElementsInCurrentOnly>
<backgroundColor>-16777216</backgroundColor>
<lineWidth>1</lineWidth>
<targetLabel class="oracle.dbtools.crest.model.design.Label">
<site>2</site>
<labelBounds x="269" y="741" width="64" height="30"/>
<noBackgroundColor>true</noBackgroundColor>
<noForegroundColor>true</noForegroundColor>
</targetLabel>
<points>
<point x="139" y="633"/>
<point x="266" y="776"/>
</points>
</Connector>
<Connector class="oracle.dbtools.crest.swingui.logical.TVRelation" oid="AAB0ED9E-7844-2838-6D18-80AAAD9538AF" otype="Relation" vid_source="D3E0ABB7-7801-A1F8-98D1-25E5DEFEBE70" vid_target="FB7D1A0E-3F8C-D8E5-0BEC-D3F9D18E89CD">
<hideElementsInCurrentOnly>false</hideElementsInCurrentOnly>
<backgroundColor>-16777216</backgroundColor>
<lineWidth>1</lineWidth>
<sourceLabel class="oracle.dbtools.crest.model.design.Label">
<site>0</site>
<labelBounds x="346" y="510" width="46" height="30"/>
<noBackgroundColor>true</noBackgroundColor>
<noForegroundColor>true</noForegroundColor>
</sourceLabel>
<points>
<point x="398" y="510"/>
<point x="231" y="415"/>
</points>
</Connector>
<Connector class="oracle.dbtools.crest.swingui.logical.TVRelation" oid="BCB74341-CF51-0987-E668-0E54EE36301E" otype="Relation" vid_source="0FCCB10D-E33B-976C-B954-4B4C90A6F11D" vid_target="D3E0ABB7-7801-A1F8-98D1-25E5DEFEBE70">
<hideElementsInCurrentOnly>false</hideElementsInCurrentOnly>
<backgroundColor>-16777216</backgroundColor>
<lineWidth>1</lineWidth>
<targetLabel class="oracle.dbtools.crest.model.design.Label">
<site>2</site>
<labelBounds x="469" y="677" width="58" height="30"/>
<noBackgroundColor>true</noBackgroundColor>
<noForegroundColor>true</noForegroundColor>
</targetLabel>
<points>
<point x="542" y="793"/>
<point x="542" y="662"/>
</points>
</Connector>
<Connector class="oracle.dbtools.crest.swingui.logical.TVRelation" oid="C9C07EC0-D038-3E94-68FE-7D8834FD2C6B" otype="Relation" vid_source="E5126A54-610E-BBF8-8C24-E4CF9EF6CD12" vid_target="806784C3-F453-175F-BB66-D23A50127690">
<hideElementsInCurrentOnly>false</hideElementsInCurrentOnly>
<backgroundColor>-16777216</backgroundColor>
<lineWidth>1</lineWidth>
<sourceLabel class="oracle.dbtools.crest.model.design.Label">
<site>0</site>
<labelBounds x="93" y="669" width="64" height="30"/>
<noBackgroundColor>true</noBackgroundColor>
<noForegroundColor>true</noForegroundColor>
</sourceLabel>
<points>
<point x="93" y="633"/>
<point x="93" y="787"/>
</points>
</Connector>
<Connector class="oracle.dbtools.crest.swingui.logical.TVRelation" oid="DB2CEFBA-8C71-1918-94EC-AA80F6173B58" otype="Relation" vid_source="1BB18D72-AE46-3D8D-E9AC-F396A616973B" vid_target="E5C95524-1B8A-5755-395F-FF8B8FCB14B3">
<hideElementsInCurrentOnly>false</hideElementsInCurrentOnly>
<backgroundColor>-16777216</backgroundColor>
<lineWidth>1</lineWidth>
<sourceLabel class="oracle.dbtools.crest.model.design.Label">
<site>0</site>
<labelBounds x="304" y="711" width="56" height="29"/>
<noBackgroundColor>true</noBackgroundColor>
<noForegroundColor>true</noForegroundColor>
</sourceLabel>
<points>
<point x="304" y="676"/>
<point x="304" y="776"/>
</points>
</Connector>
</connectors>
</Diagram>
