<?xml version = '1.0' encoding = 'UTF-8'?>
<Relation class="oracle.dbtools.crest.model.design.logical.Relation" name="exhibit_artwork" directorySegmentName="seg_0" id="13FA42CC-8016-19CF-F0B9-B864B99231B6">
<createdBy>ariehendrikse</createdBy>
<createdTime>2020-05-12 08:47:24 UTC</createdTime>
<ownerDesignName>mau</ownerDesignName>
<engineerTo>
<item key="47E0439D-791F-ABA7-DD04-7E44F5999DB4" value="true"/>
</engineerTo>
<sourcePk>E8CE1BC7-688A-1D79-8F69-BA930DC99B75</sourcePk>
<identifying>true</identifying>
<optionalSource>true</optionalSource>
<optionalTarget>false</optionalTarget>
<sourceCardinality>1</sourceCardinality>
<sourceEntity>572BA7FD-3A53-177B-5E70-1689D0B6DB85</sourceEntity>
<targetCardinalityString>*</targetCardinalityString>
<targetEntity>384E8A8B-73AE-74D6-03C7-E30CB46E8F5E</targetEntity>
<transferable>true</transferable>
<deleteRule>CASCADE</deleteRule>
</Relation>
