<?xml version = '1.0' encoding = 'UTF-8'?>
<Relation class="oracle.dbtools.crest.model.design.logical.Relation" name="Relation_11" directorySegmentName="seg_0" id="326590A4-2432-CF63-DA46-E55DBAC3B845">
<createdBy>ariehendrikse</createdBy>
<createdTime>2020-05-12 10:35:22 UTC</createdTime>
<ownerDesignName>mau</ownerDesignName>
<engineerTo>
<item key="47E0439D-791F-ABA7-DD04-7E44F5999DB4" value="true"/>
</engineerTo>
<targetPk>7645246A-DA59-103E-155C-B04204EEED83</targetPk>
<identifying>false</identifying>
<nameOnSource>moves through</nameOnSource>
<optionalSource>true</optionalSource>
<optionalTarget>true</optionalTarget>
<sourceCardinality>*</sourceCardinality>
<sourceEntity>C330B37C-CE0F-0D60-37D9-4D6F19999A1E</sourceEntity>
<targetCardinalityString>1</targetCardinalityString>
<targetEntity>C3BB8214-841A-790C-D4B1-8595ED9C7C65</targetEntity>
<transferable>true</transferable>
<deleteRule>SET NULL</deleteRule>
</Relation>
