<?xml version = '1.0' encoding = 'UTF-8'?>
<Relation class="oracle.dbtools.crest.model.design.logical.Relation" name="sale_exhibit" directorySegmentName="seg_0" id="8FE16FC2-E5C2-D00A-762C-9FABF18EA642">
<createdBy>ariehendrikse</createdBy>
<createdTime>2020-05-12 09:11:27 UTC</createdTime>
<ownerDesignName>mau</ownerDesignName>
<engineerTo>
<item key="47E0439D-791F-ABA7-DD04-7E44F5999DB4" value="true"/>
</engineerTo>
<targetPk>B27E3564-5D31-6FF3-9E3F-7F18F4F63159</targetPk>
<identifying>false</identifying>
<nameOnTarget>generates</nameOnTarget>
<optionalSource>false</optionalSource>
<optionalTarget>true</optionalTarget>
<sourceCardinality>1</sourceCardinality>
<sourceEntity>4C9FB0F1-D46F-34E1-FF13-4D76AF3AE601</sourceEntity>
<targetCardinalityString>1</targetCardinalityString>
<targetEntity>384E8A8B-73AE-74D6-03C7-E30CB46E8F5E</targetEntity>
<transferable>true</transferable>
<deleteRule>SET NULL</deleteRule>
</Relation>
