<?xml version = '1.0' encoding = 'UTF-8'?>
<FKIndexAssociation class="oracle.dbtools.crest.model.design.relational.FKIndexAssociation" directorySegmentName="seg_0" id="0E6637C0-D144-19F2-3234-78145A29E298" containerWithKeyObject="5B12D0F8-49AD-D064-CE54-505D7C05511E" localFKIndex="AB3DD652-198D-BA0F-54CE-2A8E0DACD911" name="MOVEMENT_ARTWORK_FK">
<createdBy>ariehendrikse</createdBy>
<createdTime>2020-05-12 10:49:10 UTC</createdTime>
<generatorID>AAB0ED9E-7844-2838-6D18-80AAAD9538AF</generatorID>
<ownerDesignName>mau</ownerDesignName>
<referredTableLongName>ARTWORK</referredTableLongName>
<deleteRule>NO ACTION</deleteRule>
<referredTableID>EA78377A-A208-046E-52B1-AB5AA705B6B5</referredTableID>
<keyObject>87F336EE-8E09-A6EF-53EC-9C28994B1752</keyObject>
<referredKeyID>87F336EE-8E09-A6EF-53EC-9C28994B1752</referredKeyID>
<mandatory>true</mandatory>
<refColNames>art_id,artist_code</refColNames>
<transferable>true</transferable>
<rely>false</rely>
<columnDependencyConstraintGenerateInDDL>true</columnDependencyConstraintGenerateInDDL>
</FKIndexAssociation>
